<?xml version="1.0"?>
<!--
(c) 2005-2015 Copyright, Real-Time Innovations.  All rights reserved.
No duplications, whole or partial, manual or electronic, may be made
without express written permission.  Any such copies, or revisions thereof,
must display this notice unaltered.
This code contains trade secrets of Real-Time Innovations, Inc.
 -->

<dds xmlns:xsi="http://www.w3.org/2001/XMLSchema-instance"
  xsi:noNamespaceSchemaLocation="http://community.rti.com/schema/5.1.0/rti_dds_profiles.xsd" version="5.1.0">

    <!-- Qos Library -->
	<qos_library name="QosLibrary">

	</qos_library>

    <!-- types -->
    <types>
     <struct name="Camera">
      <member name="Camera" stringMaxLength="128" type="string"/>
    </struct>
    <struct name="Button">
      <member name="Button" type="long" key="true"/>
    </struct>
    <struct name="Tempsensor1">
      <member name="Temp" type="long" key="true"/>
    </struct>
    <struct name="Tempsensor2">
      <member name="Temp" type="long" key="true"/>
    </struct>
    <struct name="ActuatorStatus">
      <member name="ActuatorStatus" stringMaxLength="128" type="string"/>
    </struct>
    <struct name="Actuator2Status">
      <member name="Actuator2Status" stringMaxLength="128" type="string"/>
    </struct>
    <struct name="Temp_extreme">
       <member name="Tempsensor1_extreme" type="long" key="true"/>
    </struct>
    <struct name="Temp_extreme2">
       <member name="Tempsensor2_extreme" type="long" key="true"/>
    </struct>
    </types>
    <!-- Domain Library -->
	<!-- this is related to the domain 0 that we set on shape deme-->
    <domain_library name="MyDomainLibrary">
        <domain name="MyDomain" domain_id="0">
            <register_type name="Camera"  type_ref="Camera" />
            <topic name="Camera_topic" register_type_ref="Camera"/>
            <register_type name="Tempsensor1"  type_ref="Tempsensor1" />
            <topic name="Tempsensor1_topic" register_type_ref="Tempsensor1"/>
            <register_type name="Tempsensor2"  type_ref="Tempsensor2" />
            <topic name="Tempsensor2_topic" register_type_ref="Tempsensor2"/>
            <register_type name="Button"  type_ref="Button" />
            <topic name="Button_topic" register_type_ref="Button"/>
            <register_type name="ActuatorStatus"  type_ref="ActuatorStatus" />
            <topic name="ActuatorStatus_topic" register_type_ref="ActuatorStatus"/>
            <register_type name="Actuator2Status"  type_ref="Actuator2Status" />
            <topic name="Actuator2Status_topic" register_type_ref="Actuator2Status"/>
            <register_type name="Temp_extreme"  type_ref="Temp_extreme" />
            <topic name="Temp_extreme_topic" register_type_ref="Temp_extreme"/>
            <register_type name="Temp_extreme2"  type_ref="Temp_extreme2" />
            <topic name="Temp_extreme2_topic" register_type_ref="Temp_extreme2"/>

        </domain>
    </domain_library>
    <!-- Participant library -->
    <domain_participant_library name="MyParticipantLibrary">
          <!-- Publishers -->
        <domain_participant name="Camera" domain_ref="MyDomainLibrary::MyDomain">
            <publisher name="MyPublisher">
                <data_writer name="MyWriter_Camera" topic_ref="Camera_topic">
                    <datawriter_qos>
                        <reliability>
                            <kind>RELIABLE_RELIABILITY_QOS</kind>
<!--                            <kind>BEST_EFFORT_RELIABILITY_QOS</kind>-->
                        </reliability>
                        <durability>
<!--                            <kind>VOLATILE_DURABILITY_QOS</kind>-->
                            <kind>TRANSIENT_LOCAL_DURABILITY_QOS</kind>
<!--                            <kind>TRANSIENT_DURABILITY_QOS</kind>-->
                        </durability>
                        <history>
<!--		                    <kind>KEEP_ALL_HISTORY_QOS</kind>-->
                            <kind>KEEP_LAST_HISTORY_QOS</kind>
                            <depth>10</depth>
	                    </history>
                    </datawriter_qos>
                </data_writer>
            </publisher>
        </domain_participant>
        <domain_participant name="Tempsensor1" domain_ref="MyDomainLibrary::MyDomain">
            <publisher name="MyPublisher">
                <data_writer name="MyWriter_Tempsensor1" topic_ref="Tempsensor1_topic">
                    <datawriter_qos>
                        <reliability>
                            <kind>RELIABLE_RELIABILITY_QOS</kind>
<!--                            <kind>BEST_EFFORT_RELIABILITY_QOS</kind>-->
                        </reliability>
                        <durability>
<!--                            <kind>VOLATILE_DURABILITY_QOS</kind>-->
                            <kind>TRANSIENT_LOCAL_DURABILITY_QOS</kind>
<!--                            <kind>TRANSIENT_DURABILITY_QOS</kind>-->
                        </durability>
                        <history>
<!--		                    <kind>KEEP_ALL_HISTORY_QOS</kind>-->
                            <kind>KEEP_LAST_HISTORY_QOS</kind>
                            <depth>10</depth>
	                    </history>
                    </datawriter_qos>
                </data_writer>
            </publisher>
        </domain_participant>
        <domain_participant name="Tempsensor2" domain_ref="MyDomainLibrary::MyDomain">
            <publisher name="MyPublisher">
                <data_writer name="MyWriter_Tempsensor2" topic_ref="Tempsensor2_topic">
                    <datawriter_qos>
                        <reliability>
                            <kind>RELIABLE_RELIABILITY_QOS</kind>
<!--                            <kind>BEST_EFFORT_RELIABILITY_QOS</kind>-->
                        </reliability>
                        <durability>
<!--                            <kind>VOLATILE_DURABILITY_QOS</kind>-->
                            <kind>TRANSIENT_LOCAL_DURABILITY_QOS</kind>
<!--                            <kind>TRANSIENT_DURABILITY_QOS</kind>-->
                        </durability>
                        <history>
<!--		                    <kind>KEEP_ALL_HISTORY_QOS</kind>-->
                            <kind>KEEP_LAST_HISTORY_QOS</kind>
                            <depth>10</depth>
	                    </history>
                    </datawriter_qos>
                </data_writer>
            </publisher>
        </domain_participant>
        <domain_participant name="Button" domain_ref="MyDomainLibrary::MyDomain">
            <publisher name="MyPublisher">
                <data_writer name="MyWriter_Button" topic_ref="Button_topic">
                    <datawriter_qos>
                        <reliability>
                            <kind>RELIABLE_RELIABILITY_QOS</kind>
<!--                            <kind>BEST_EFFORT_RELIABILITY_QOS</kind>-->
                        </reliability>
                        <durability>
<!--                            <kind>VOLATILE_DURABILITY_QOS</kind>-->
                            <kind>TRANSIENT_LOCAL_DURABILITY_QOS</kind>
<!--                            <kind>TRANSIENT_DURABILITY_QOS</kind>-->
                        </durability>
                        <history>
<!--		                    <kind>KEEP_ALL_HISTORY_QOS</kind>-->
                            <kind>KEEP_LAST_HISTORY_QOS</kind>
                            <depth>10</depth>
	                    </history>
                    </datawriter_qos>
                </data_writer>
            </publisher>
        </domain_participant>
        <!-- Dashboard -->
        <domain_participant name="Dashboard" domain_ref="MyDomainLibrary::MyDomain">
            <subscriber name="Dashboard">
                <data_reader name="dashboard_Camera" topic_ref="Camera_topic" >
                    <datareader_qos>
                        <reliability>
                            <kind>RELIABLE_RELIABILITY_QOS</kind>
<!--                            <kind>BEST_EFFORT_RELIABILITY_QOS</kind>-->
                        </reliability>
                        <durability>
<!--                            <kind>VOLATILE_DURABILITY_QOS</kind>-->
                            <kind>TRANSIENT_LOCAL_DURABILITY_QOS</kind>
<!--                            <kind>TRANSIENT_DURABILITY_QOS</kind>-->
                        </durability>
                        <history>
<!--		                    <kind>KEEP_ALL_HISTORY_QOS</kind>-->
                            <kind>KEEP_LAST_HISTORY_QOS</kind>
                            <depth>10</depth>
	                    </history>
                    </datareader_qos>
<!--                <filter name="ExampleFilter" kind="builtin.sql">-->
<!--                    <expression> Example > 2 </expression>-->
<!--                </filter>-->
                </data_reader>
                <data_reader name="dashboard_temp_extreme" topic_ref="Temp_extreme_topic" >
                    <datareader_qos>
                        <reliability>
                            <kind>RELIABLE_RELIABILITY_QOS</kind>
<!--                            <kind>BEST_EFFORT_RELIABILITY_QOS</kind>-->
                        </reliability>
                        <durability>
<!--                            <kind>VOLATILE_DURABILITY_QOS</kind>-->
                            <kind>TRANSIENT_LOCAL_DURABILITY_QOS</kind>
<!--                            <kind>TRANSIENT_DURABILITY_QOS</kind>-->
                        </durability>
                        <history>
<!--		                    <kind>KEEP_ALL_HISTORY_QOS</kind>-->
                            <kind>KEEP_LAST_HISTORY_QOS</kind>
                            <depth>10</depth>
	                    </history>
                    </datareader_qos>
<!--                <filter name="ExampleFilter" kind="builtin.sql">-->
<!--                    <expression> Example > 2 </expression>-->
<!--                </filter>-->
                </data_reader>
                                <data_reader name="dashboard_temp2_extreme" topic_ref="Temp_extreme2_topic" >
                    <datareader_qos>
                        <reliability>
                            <kind>RELIABLE_RELIABILITY_QOS</kind>
<!--                            <kind>BEST_EFFORT_RELIABILITY_QOS</kind>-->
                        </reliability>
                        <durability>
<!--                            <kind>VOLATILE_DURABILITY_QOS</kind>-->
                            <kind>TRANSIENT_LOCAL_DURABILITY_QOS</kind>
<!--                            <kind>TRANSIENT_DURABILITY_QOS</kind>-->
                        </durability>
                        <history>
<!--		                    <kind>KEEP_ALL_HISTORY_QOS</kind>-->
                            <kind>KEEP_LAST_HISTORY_QOS</kind>
                            <depth>10</depth>
	                    </history>
                    </datareader_qos>
<!--                <filter name="ExampleFilter" kind="builtin.sql">-->
<!--                    <expression> Example > 2 </expression>-->
<!--                </filter>-->
                </data_reader>
                <data_reader name="dashboard_actuator_status" topic_ref="ActuatorStatus_topic" >
                    <datareader_qos>
                        <reliability>
                            <kind>RELIABLE_RELIABILITY_QOS</kind>
<!--                            <kind>BEST_EFFORT_RELIABILITY_QOS</kind>-->
                        </reliability>
                        <durability>
<!--                            <kind>VOLATILE_DURABILITY_QOS</kind>-->
                            <kind>TRANSIENT_LOCAL_DURABILITY_QOS</kind>
<!--                            <kind>TRANSIENT_DURABILITY_QOS</kind>-->
                        </durability>
                        <history>
<!--		                    <kind>KEEP_ALL_HISTORY_QOS</kind>-->
                            <kind>KEEP_LAST_HISTORY_QOS</kind>
                            <depth>10</depth>
	                    </history>
                    </datareader_qos>
<!--                <filter name="ExampleFilter" kind="builtin.sql">-->
<!--                    <expression> Example > 2 </expression>-->
<!--                </filter>-->
                </data_reader>
                <data_reader name="dashboard_actuator2_status" topic_ref="Actuator2Status_topic" >
                    <datareader_qos>
                        <reliability>
                            <kind>RELIABLE_RELIABILITY_QOS</kind>
<!--                            <kind>BEST_EFFORT_RELIABILITY_QOS</kind>-->
                        </reliability>
                        <durability>
<!--                            <kind>VOLATILE_DURABILITY_QOS</kind>-->
                            <kind>TRANSIENT_LOCAL_DURABILITY_QOS</kind>
<!--                            <kind>TRANSIENT_DURABILITY_QOS</kind>-->
                        </durability>
                        <history>
<!--		                    <kind>KEEP_ALL_HISTORY_QOS</kind>-->
                            <kind>KEEP_LAST_HISTORY_QOS</kind>
                            <depth>10</depth>
	                    </history>
                    </datareader_qos>
<!--                <filter name="ExampleFilter" kind="builtin.sql">-->
<!--                    <expression> Example > 2 </expression>-->
<!--                </filter>-->
                </data_reader>
            </subscriber>
        </domain_participant>
        <!-- Actuator -->
        <domain_participant name="Actuator1" domain_ref="MyDomainLibrary::MyDomain">
            <publisher name="actuator_publisher1">
                <data_writer name="status_writer" topic_ref="ActuatorStatus_topic">
                    <datawriter_qos>
                        <reliability>
                            <kind>RELIABLE_RELIABILITY_QOS</kind>
<!--                            <kind>BEST_EFFORT_RELIABILITY_QOS</kind>-->
                        </reliability>
                        <durability>
<!--                            <kind>VOLATILE_DURABILITY_QOS</kind>-->
                            <kind>TRANSIENT_LOCAL_DURABILITY_QOS</kind>
<!--                            <kind>TRANSIENT_DURABILITY_QOS</kind>-->
                        </durability>
                        <history>
<!--		                    <kind>KEEP_ALL_HISTORY_QOS</kind>-->
                            <kind>KEEP_LAST_HISTORY_QOS</kind>
                            <depth>10</depth>
	                    </history>
                    </datawriter_qos>
                </data_writer>
            </publisher>
            <publisher name="actuator_publisher2">
                <data_writer name="temp_extreme_writer" topic_ref="Temp_extreme_topic">
                    <datawriter_qos>
                        <reliability>
                            <kind>RELIABLE_RELIABILITY_QOS</kind>
<!--                            <kind>BEST_EFFORT_RELIABILITY_QOS</kind>-->
                        </reliability>
                        <durability>
<!--                            <kind>VOLATILE_DURABILITY_QOS</kind>-->
                            <kind>TRANSIENT_LOCAL_DURABILITY_QOS</kind>
<!--                            <kind>TRANSIENT_DURABILITY_QOS</kind>-->
                        </durability>
                        <history>
<!--		                    <kind>KEEP_ALL_HISTORY_QOS</kind>-->
                            <kind>KEEP_LAST_HISTORY_QOS</kind>
                            <depth>10</depth>
	                    </history>
                    </datawriter_qos>
                </data_writer>
            </publisher>

            <subscriber name="Actuator1">
                <data_reader name="Actuator_button" topic_ref="Button_topic" >
                    <datareader_qos>
                        <reliability>
                            <kind>RELIABLE_RELIABILITY_QOS</kind>
<!--                            <kind>BEST_EFFORT_RELIABILITY_QOS</kind>-->
                        </reliability>
                        <durability>
<!--                            <kind>VOLATILE_DURABILITY_QOS</kind>-->
                            <kind>TRANSIENT_LOCAL_DURABILITY_QOS</kind>
<!--                            <kind>TRANSIENT_DURABILITY_QOS</kind>-->
                        </durability>
                        <history>
<!--		                    <kind>KEEP_ALL_HISTORY_QOS</kind>-->
                            <kind>KEEP_LAST_HISTORY_QOS</kind>
                            <depth>10</depth>
	                    </history>
                    </datareader_qos>
<!--                <filter name="ExampleFilter" kind="builtin.sql">-->
<!--                    <expression> Example > 2 </expression>-->
<!--                </filter>-->
                </data_reader>
                <data_reader name="Actuator_Tempsensor1" topic_ref="Tempsensor1_topic" >
                    <datareader_qos>
                        <reliability>
                            <kind>RELIABLE_RELIABILITY_QOS</kind>
<!--                            <kind>BEST_EFFORT_RELIABILITY_QOS</kind>-->
                        </reliability>
                        <durability>
<!--                            <kind>VOLATILE_DURABILITY_QOS</kind>-->
                            <kind>TRANSIENT_LOCAL_DURABILITY_QOS</kind>
<!--                            <kind>TRANSIENT_DURABILITY_QOS</kind>-->
                        </durability>
                        <history>
<!--		                    <kind>KEEP_ALL_HISTORY_QOS</kind>-->
                            <kind>KEEP_LAST_HISTORY_QOS</kind>
                            <depth>10</depth>
	                    </history>
                    </datareader_qos>
<!--                <filter name="ExampleFilter" kind="builtin.sql">-->
<!--                    <expression> Example > 2 </expression>-->
<!--                </filter>-->
                </data_reader>
            </subscriber>
        </domain_participant>

        <domain_participant name="Actuator2" domain_ref="MyDomainLibrary::MyDomain">
            <publisher name="actuator_publisher21">
                <data_writer name="status_writer" topic_ref="Actuator2Status_topic">
                    <datawriter_qos>
                        <reliability>
                            <kind>RELIABLE_RELIABILITY_QOS</kind>
<!--                            <kind>BEST_EFFORT_RELIABILITY_QOS</kind>-->
                        </reliability>
                        <durability>
<!--                            <kind>VOLATILE_DURABILITY_QOS</kind>-->
                            <kind>TRANSIENT_LOCAL_DURABILITY_QOS</kind>
<!--                            <kind>TRANSIENT_DURABILITY_QOS</kind>-->
                        </durability>
                        <history>
<!--		                    <kind>KEEP_ALL_HISTORY_QOS</kind>-->
                            <kind>KEEP_LAST_HISTORY_QOS</kind>
                            <depth>10</depth>
	                    </history>
                    </datawriter_qos>
                </data_writer>
            </publisher>
            <publisher name="actuator_publisher22">
                <data_writer name="temp_extreme_writer" topic_ref="Temp_extreme2_topic">
                    <datawriter_qos>
                        <reliability>
                            <kind>RELIABLE_RELIABILITY_QOS</kind>
<!--                            <kind>BEST_EFFORT_RELIABILITY_QOS</kind>-->
                        </reliability>
                        <durability>
<!--                            <kind>VOLATILE_DURABILITY_QOS</kind>-->
                            <kind>TRANSIENT_LOCAL_DURABILITY_QOS</kind>
<!--                            <kind>TRANSIENT_DURABILITY_QOS</kind>-->
                        </durability>
                        <history>
<!--		                    <kind>KEEP_ALL_HISTORY_QOS</kind>-->
                            <kind>KEEP_LAST_HISTORY_QOS</kind>
                            <depth>10</depth>
	                    </history>
                    </datawriter_qos>
                </data_writer>
            </publisher>

            <subscriber name="Actuator2">
                <data_reader name="Actuator_button" topic_ref="Button_topic" >
                    <datareader_qos>
                        <reliability>
                            <kind>RELIABLE_RELIABILITY_QOS</kind>
<!--                            <kind>BEST_EFFORT_RELIABILITY_QOS</kind>-->
                        </reliability>
                        <durability>
<!--                            <kind>VOLATILE_DURABILITY_QOS</kind>-->
                            <kind>TRANSIENT_LOCAL_DURABILITY_QOS</kind>
<!--                            <kind>TRANSIENT_DURABILITY_QOS</kind>-->
                        </durability>
                        <history>
<!--		                    <kind>KEEP_ALL_HISTORY_QOS</kind>-->
                            <kind>KEEP_LAST_HISTORY_QOS</kind>
                            <depth>10</depth>
	                    </history>
                    </datareader_qos>
<!--                <filter name="ExampleFilter" kind="builtin.sql">-->
<!--                    <expression> Example > 2 </expression>-->
<!--                </filter>-->
                </data_reader>
                <data_reader name="Actuator_Tempsensor2" topic_ref="Tempsensor2_topic" >
                    <datareader_qos>
                        <reliability>
                            <kind>RELIABLE_RELIABILITY_QOS</kind>
<!--                            <kind>BEST_EFFORT_RELIABILITY_QOS</kind>-->
                        </reliability>
                        <durability>
<!--                            <kind>VOLATILE_DURABILITY_QOS</kind>-->
                            <kind>TRANSIENT_LOCAL_DURABILITY_QOS</kind>
<!--                            <kind>TRANSIENT_DURABILITY_QOS</kind>-->
                        </durability>
                        <history>
<!--		                    <kind>KEEP_ALL_HISTORY_QOS</kind>-->
                            <kind>KEEP_LAST_HISTORY_QOS</kind>
                            <depth>10</depth>
	                    </history>
                    </datareader_qos>
<!--                <filter name="ExampleFilter" kind="builtin.sql">-->
<!--                    <expression> Example > 2 </expression>-->
<!--                </filter>-->
                </data_reader>
            </subscriber>
        </domain_participant>
    </domain_participant_library>
</dds>
